{"cameraMode":{"drawMode":0,"name":"Shaded","section":"Shading Mode"},"sceneLighting":true,"audioPlay":false,"sceneViewState":{"showFog":false,"showMaterialUpdate":false,"showSkybox":false,"showFlares":false,"showImageEffects":false,"showParticleSystems":false},"in2DMode":false,"pivot":{"x":19.51169204711914,"y":-10.78256607055664,"z":36.84439468383789},"rotation":{"x":-0.29541850090026858,"y":0.3646499216556549,"z":-0.12319651991128922,"w":-0.8744063973426819},"size":102.59983825683594,"orthographic":false}