{"cameraMode":{"drawMode":0,"name":"Shaded","section":"Shading Mode"},"sceneLighting":false,"audioPlay":false,"sceneViewState":{"showFog":false,"showMaterialUpdate":false,"showSkybox":false,"showFlares":false,"showImageEffects":false,"showParticleSystems":false},"in2DMode":false,"pivot":{"x":0.0028798580169677736,"y":3.668729782104492,"z":0.01208961009979248},"rotation":{"x":-0.18206393718719483,"y":0.6744138598442078,"z":-0.17710678279399873,"w":-0.6932910680770874},"size":20.359224319458009,"orthographic":false}